Hà Nội,
Hồ Chí Minh,
Đà Nẵng,
Lâm Đồng,
Bà Rịa-Vũng Tàu,
Hải Phòng,
Lào Cai,
Thừa Thiên-Huế,
Yên Bái,
Quảng Ninh,
Kiên Giang,
Điện Biên,
Hòa Bình,
Lai Châu,
Sơn La,
Hà Giang,
Cao Bằng,
Bắc Kạn,
Lạng Sơn,
Tuyên Quang,
Thái Nguyên,
Phú Thọ,
Bắc Giang,
Bắc Ninh,
Hải Dương,
Hà Nam,
Hưng Yên,
Nam Định,
Ninh Bình,
Thái Bình,
Vĩnh Phúc,
Thanh Hoá,
Nghệ An,
Hà Tĩnh,
Quảng Bình,
Quảng Trị,
Quảng Nam,
Quảng Ngãi,
Bình Định,
Phú Yên,
Khánh Hoà,
Ninh Thuận,
Bình Thuận,
Kon Tum,
Gia Lai,
Đắc Lắc,
Đắc Nông,
Bình Phước,
Bình Dương,
Đồng Nai,
Tây Ninh,
Long An,
Đồng Tháp,
Tiền Giang,
An Giang,
Bến Tre,
Vĩnh Long,
Trà Vinh,
Hậu Giang,
Sóc Trăng,
Bạc Liêu,
Cà Mau,
Cần Thơ,